{"Nation": ["UK", "Northern Ireland", "Wales", "Global", "England", "Scotland"], "Year": [2009, 2019, 2014], "Modifiable Risk Factors": ["High fasting plasma glucose (diabetes)", "Air pollution (particulate matter)", "All modifiable risk factors", "Other risk factors/unknown", "High LDL (bad) cholesterol ", "Non-optimal (low/high) temperature", "Alcohol misuse", "High systolic blood pressure (hypertension)", "Tobacco (cigarette smoking, second-hand smoke)", "Impaired kidney function (renal failure)", "Dietary risks (lack of wholegrains, nuts, seeds, fruit, veg, etc; excess salt, sugar)", "Other environmental risks (e.g. lead exposure)", "High body-mass index (obesity)", "Low physical activity (inactivity, sedentary behaviour)"], "Disease": ["Stroke (CBVD)", "Coronary Heart Disease (CHD)", "Heart and Circulatory Diseases (CVD) "], "Estimated burden - deaths (%)": [0.0796818450662613, 0.127279633942738, 0.425672187756458, 0.44239871930343, 0.565625784004439, 0.253119795471342, 0.551673536801716, 0.472687800657118, 0.81749718508844, 0.338756952126114, 0.0475585664117304, 0.072914680064339, 0.0769029755106141, 0.0571298125667248, 0.051375185750441, 0.156984393254243, 0.184887468950115, 0.142042488728416, 0.155753018489631, 0.127493969068234, 0.0738014872995461, 0.0837877517845023, 0.0532492726177392, 0.283285713865249, 0.26989733841486, 0.495984288156695, 0.0151007761754683, -0.0021853603585517, 0.003567155223915, 0.0459132562208789, 0.013406469046875, 0.0200919228289261, 0.241127727179519, 0.220408599799181, 0.188474014592913, 0.144987786927084, 0.0879992950428817, 0.141586350998364, 0.146282251273509, 0.0530383080811979, 0.0262752192214598, -0.0358864617390865, 0.536900735195479, 0.319200857282529, 0.137565945514604, 0.567408643227882, 0.792528503409785, 0.264262355796797, 0.93496800002435, 0.792010913995152, 0.80926001165368, 0.849593235110068, 0.0769283136924771, 0.0447079125076827, 0.0124530387589027, 0.0643261600270685, 0.351983780776863, 0.124679760711942, 0.0696164083088179, 0.821357468807585, 0.308756693612119, 0.195642152463387, 0.1781498211239329, 0.13900932790241, 0.268002942980549, 0.261753774056171, 0.0636495345699119, 0.23602748154309, 0.0097220854240227, -0.0422518333020399, -0.0467087829159663, 0.0417550969989195, 0.0132315530953175, 0.0127728890681846, 0.0312026029717691, -0.0118151226715966, 0.0156730689751747, 0.202779970141955, 0.0818175459668373, 0.196368252650551, 0.181900647995165, 0.0557325437628162, 0.210683838241976, 0.257552049922537, 0.0795133559038874, 0.162674551656449, 0.0681890276571393, 0.191495561332655, 0.163167599049846, 0.934988335166403, 0.253160352773784, 0.151391541244702, 0.428728211308939, 0.482263426507868, 0.526886619893735, 0.561953199431618, 0.237468984380681, 0.1901804934052909, 0.218734002358602, 0.0754636674846048, 0.124938825871219, 0.116986669355079, 0.471173767545315, 0.255536334304485, 0.125483552248235, 0.362155978295647, 0.0694405881385694, 0.137425991089071, 0.171806217352309, 0.252244628703585, 0.0593086161464876, 0.0454417159418424, 0.194087069114062, 0.120712335073731, 0.0994712085979653, 0.134166850069786, 0.14, 0.0695156087953993, 0.054965750062672, 0.0732144897850494, 0.0476685845079675, 0.0137063885062284, 0.439928198615552, 0.940049091055242, 0.56383607999174, 0.940460454306907, 0.193198742708795, 0.139551316429951, 0.785282552380424, 0.337468725086873, 0.0817262290459636, 0.168604855683108, 0.0117072859923656, 0.266030357921878, 0.0313435221682349, 0.0347459510161693, 0.0690412264774375, 0.554714064455205, 0.0620408356480219, 0.125012879483592, 0.134793129472658, 0.1961907682115939, 0.121187464668472, 0.0777643414467301, 0.27769399633153, 0.478244440685247, 0.369441502374594, 0.299756402871377, 0.490346572618844, 0.203259418677963, 0.139697754233087, 0.172040945769178, 0.497081108573647, 0.151930144159023, 0.0378473817024933, 0.071785919686246, 0.0470561402191287, 0.0935031849958778, 0.0516766569012019, 0.065011664833597, 0.0298669656357515, 0.15484729434971, 0.0235171167361847, 0.173855557418737, -0.0500568703538007, 0.0593243291681067, 0.482157382415071, 0.207007853188657, 0.521015689494797, 0.451835905766623, 0.294395615850807, 0.937959164351978, 0.792992146811343, 0.803809231788406, 0.53375988377601, 0.0530368481550947, 0.0951681813258314, 0.025953600295074, 0.0230534687931905, 0.204921299466188, 0.133856451595491, 0.136880124638481, 0.0322009418422096, 0.0867973183341229, 0.0243897525202637, 0.0599509089447579, 0.211997319625509, 0.348446214184802, 0.164224152155454, 0.059539545693093, 0.338148912956926, 0.47844954184851, 0.125559747100549, 0.366214925382963, 0.194218786936109, 0.335679104186935, 0.212116951030345, 0.205010008186132, 0.178642531192415, 0.189185374574493, 0.15, 0.0223076040009996, 0.0395320789080019, 0.0518368232863628, 0.0771115638098344, 0.119506406750007, 0.0652886542890526, -0.0027539075741444, 0.168172275263684, 0.289724442404126, 0.0473304111084657, 0.126901330835406, 0.0934468056456309, 0.430463979194149, 0.163674841809487, 0.0404144172671993, 0.214717447619576, 0.831395144316892, 0.945034249937328, 0.0313339821261064, 0.0193788769929132, 0.0849445343749823, 0.86, 0.0552882564069709, 0.216088753404741, 0.0146682342398409, 0.137996307345183, 0.20539355746975, -0.0455094891451416, 0.0131651387235842, 0.0505657680562696, 0.0502422533923023, 0.037098325906254, 0.0135189549366827, 0.525667633809073, 0.0232600220618388, 0.203568432949442, 0.369962664380538, 0.532027470216681, 0.133624294044633, 0.0481458159724581, 0.0580188518306259, 0.809819506594709, 0.145237119212253, 0.19099419905765, 0.0457181827192856, 0.0767116775137022, 0.13975595436385, 0.236846702188099, 0.0780002744132504, 0.0445300242692681, -0.0382023997525105, 0.443126849760479, 0.789316161758024, 0.435793342057601, 0.209019275449976, 0.808504438667345, 0.13887671543765, 0.565472639784655, 0.255314013333386, 0.507786837466728, 0.821850178876067, 0.0465840948024956, 0.0114951170834814, 0.414072379359299, 0.0754167907603678, 0.0521482074848201, 0.146949783646434, 0.19808801980907, -0.0021129653134084, 0.0718779977555453, 0.454337054005795, 0.141025060069852, 0.417660308446594, 0.0797005336525734, 0.074522722028936, 0.439939739653793, 0.25973993507987, -0.0028597242114518, -0.0081423196705616, 0.0111726816900671, -0.0024769383740583, -0.0444364588292602, 0.166238926688253, 0.207471496590215, 0.06503199997565, 0.02408908910356, 0.207989086004848, 0.179557989247212, 0.19073998834632, 0.195866794975755, 0.556467116179581, 0.407803271703301, 0.269589644521698, 0.256950083597684, 0.0276804983887623, 0.242707795747643, 0.0413995320031021, 0.934833011508687, 0.0672879545104993, 0.065, 0.202033830433927, 0.144761109240532, 0.0544660299381751, 0.0531912273370975, 0.201712398074736, 0.120610539994077, 0.0343929492589678, 0.1825028149115599, 0.156981515103566, 0.26746375299762, 0.445690138332317, 0.349807250835191, 0.0862357871699117, 0.133332073988984, 0.439351411004047, 0.347247180299318, 0.0541802968846214, 0.0715454065794336, 0.436450161570742, 0.0451873470796, 0.235871367401935, 0.123459507035764, 0.143401134396651, 0.0324260505142728, 0.20827627953435, 0.797584572970691, 0.202415427029309, 0.166473657758039, 0.0208731714526724, 0.0094502945143766, 0.190882617898118, 0.0430638255046336, 0.24690682710659, 0.936350465430088, 0.0683318115540405],