{"nation": ["Northern Ireland", "Scotland", "Wales", "England"], "year_adjust": [2016, 2017, 2018, 2019, 2006, 2007, 2008, 2009, 2010, 2011, 2012, 2013, 2014, 2015], "drug_type": ["Nitrates, calcium blockers & other antianginal drugs", "Beta-adrenoreceptor blocking drugs", "Digoxin and other positive inotropic drugs", "Lipid-lowering drugs", "Anticoagulants and protamine", "Antiplatelet drugs", "Anti-arrhythmic drugs", "Anti-fibrinolytic drugs and haemostatics", "Diuretics", "Antihypertensive and heart failure drugs"], "prescriptions": [32778.904, 12.183, 13.187, 12.986, 13.548, 14.422, 15.556, 16.553, 16.0, 16.025, 16.139, 2070.777, 4119.0, 24.439, 25.493, 26.686, 27.546, 28.0, 4125.71, 30.656, 31.753, 32.37, 33.936, 34.793, 31.003, 36.101, 30.0, 29.0, 4126.551, 33.06, 33.54, 33.0, 34.0, 4140.757, 34860.0, 37.877, 39.454, 41.098, 42.139, 42.762, 44.0, 4148.8, 46.67, 46.818, 47.0, 56.468, 57.389, 58.105, 59.21, 60.0, 61.0, 62.076, 2110.414, 64.077, 65.448, 65.006, 67.0, 68.295, 69.957, 70.491, 71.0, 72.467, 72.708, 74.591, 75.4, 68.62, 77.448, 43086.0, 79.549, 80.76, 81.146, 82.0, 63571.0, 2130.435, 85.312, 17.089, 87.248, 88.0, 90.0, 92.274, 93.385, 94.858, 93.938, 96.01, 99.29, 69731.0, 101.116, 103.52, 2164.731, 2179.828, 29.875, 59550.0, 33.077, 37038.28599999999, 26809.638, 2236.746, 39100.1, 2237.168, 193.876, 39107.0, 4297.272, 202.882, 203.409, 30924.0, 207.31, 61649.0, 49365.164, 215.436, 220.112, 224.337, 227.52, 227.806, 51431.324, 232.986, 46.803, 235.0, 236.069, 240.984, 2083.123, 48.0, 246.0, 249.0, 249.446, 252.0, 259.869, 260.0, 2311.886, 35082.373, 268.79, 4124.34, 76044.298, 273.236, 2322.227, 273.633, 276.0, 4376.477, 283.792, 283.201, 291.416, 295.875, 295.833, 299.842, 304.722, 2353.51, 306.943, 4402.495, 47411.666, 14647.0, 314.532, 319.184, 326.826, 66.0, 66.499, 334.0, 336.941, 68.043, 37213.525, 352.323, 8546.0, 356.616, 357.6, 363.0, 4461.864, 366.0, 373.0, 2424.147, 53634.123, 392.0, 392.9549999999999, 37258.0, 394.0, 396.0, 402.151, 2116.222, 408.0, 408.865, 414.195, 416.0, 2475.963, 427.199, 2481.023, 437.662, 18871.027, 70072.0, 72128.23719999999, 37312.0, 453.89, 2505.0, 2508.693, 4561.957, 477.363, 57822.5, 10723.0, 37354.653, 502.002, 4600.935, 35327.0, 4623.578, 2584.0, 2587.18, 74289.246, 35382.419, 2617.818, 2626.061, 33346.371, 33353.505, 2642.791, 2643.0, 4693.27, 4693.213, 611.722, 16999.802, 47741.74699999997, 2691.396, 6789.847999999999, 645.58, 37511.0, 2696.0, 649.778, 39563.948, 2704.27, 2716.355, 37536.1, 676.259, 4781.167, 2736.463, 689.277, 4787.763, 2740.078, 37563.0, 706.604, 47812.0, 37581.84, 722.675, 2775.256, 4826.463, 2782.0, 743.13, 27378.03, 764.047, 4861.0, 2816.0, 773.285, 4874.505, 4874.704, 2845.276, 2846.16, 2847.835, 2847.336, 2850.162, 2853.192, 808.113, 4906.524, 45868.23199999999, 2860.0, 2866.0, 819.0, 37687.0, 2871.17, 4920.129, 33597.44299999999, 2883.466, 2889.62, 2891.515, 2897.0, 31572.954, 68437.0, 2904.815, 2906.664, 4955.99, 2908.891, 4964.623, 873.615, 2926.06, 4976.701, 883.857, 13173.0, 2933.186, 2939.695, 2939.732, 4988.695, 2942.0, 895.521, 898.179, 26.367, 5002.0, 5003.1, 908.213, 2957.0, 64399.0, 2960.009, 5008.695, 914.885, 918.428, 30.087, 2970.531, 926.339, 5024.0, 2978.59, 72612.423, 937.379, 940.0, 944.0, 2997.725, 5045.0, 3000.448, 37816.701, 957.977, 961.0, 3010.893, 9157.0, 967.091, 5063.176, 971.117, 3025.087, 978.0, 3027.611, 5076.0, 3029.794, 982.946, 983.391, 3031.506, 987.196, 52189.5, 991.683, 992.366, 996.158, 3045.419, 5095.183, 3048.171, 1002.082, 1009.112, 3057.0, 1009.29, 27634.1, 29686.0, 5112.39, 1019.623, 1025.835, 1030.0, 5129.0, 1035.0, 1039.206, 3090.966, 5140.285, 1047.5739999999998, 50201.34909999999, 3102.0, 5150.0, 1059.095, 3108.0, 1061.0, 5158.818, 5160.135, 68651.85100000005, 5172.515, 5173.0, 1079.605, 42043.0, 3134.718, 1088.0, 5184.696, 5186.728, 1088.539, 1095.047, 1097.418, 3147.636, 3150.0, 3154.492, 1107.243, 1107.683, 1108.0, 18.283, 5218.241, 1123.805, 5220.0, 1124.058, 1125.0, 5223.0, 1129.0, 35948.0, 1136.982, 42097.751, 70774.0, 3197.23, 1150.0, 1151.082, 1152.903, 1154.144, 1156.0, 3204.586, 1158.588, 56452.0, 7308.81, 28.235, 3218.0, 1174.0, 1177.36, 1179.272, 3234.662, 1187.657, 1188.0, 32.967, 1190.0, 1191.816, 5290.0, 1195.859, 1197.471, 1202.0, 5306.25, 3262.652, 1218.0, 3268.798, 1222.804, 1226.2, 1227.005, 3276.754, 5324.0, 1230.0, 1230.845, 1229.0, 1234.0, 1239.085, 1240.752, 1239.0, 1247.261, 1247.187, 3297.4970000000003, 3295.404, 1255.0, 5354.989, 66795.43699999999, 38124.0, 5359.647, 1265.316999999999, 5361.976, 3314.414, 5364.812, 1276.939, 51.027, 1285.802, 1290.786, 1290.025, 1304.221, 72985.74, 1311.772, 38182.0, 70957.11099999999, 3382.0, 1339.715, 3389.669, 1351.165, 1351.539, 3404.272, 66.335, 1363.525, 3413.895, 34139.8431, 1386.919, 3438.0, 36208.0, 5488.88, 1394.763, 1393.151, 3457.14, 3460.0, 3489.0, 1444.633, 60838.0, 3506.0, 36297.18200000001, 38351.0, 3538.346, 3544.123, 3544.192, 3545.434, 3560.496, 1516.524, 3576.505, 1533.576, 3597.049, 3625.076, 3626.038, 38444.0, 9773.0, 3634.0, 1594.948, 15937.792, 3651.941, 17991.505199999996, 3665.736, 3668.017, 3680.15, 32353.379, 3682.578, 32355.0, 48740.261999999966, 1640.468, 67184.0, 3697.113, 3699.0, 1652.093, 40575.0, 3713.966, 11905.515, 44675.0, 3716.242, 3718.49, 3721.904, 3723.682, 3735.012, 1689.156, 3738.0, 3739.853, 3743.41, 3750.0, 33.293, 34.02, 3769.881, 3774.003, 1728.0, 38603.0, 34508.97000000002, 38617.728, 1761.303, 3810.415, 1770.0, 47.472, 48.692, 3842.146, 38661.309, 1799.0, 71453.31699999997, 1833.523, 36650.249, 1837.652, 7991.2, 3900.0, 1853.923, 1897.824, 71531.003, 1900.886, 28529.0, 46992.0, 3984.704, 34707.335000000014, 30.727, 1954.0, 1957.445, 4006.0, 65449.0, 1988.0, 4080.935, 2035.0, 4088.0]}